{
	"format_version": "1.8.0",
	"animations": {
		"animation.player.divide_blade": {
			"animation_length": 96,
			"override_previous_animation": true,
			"bones": {
				"body": {
					"rotation": {
						"0.25": [0, 0, 0],
						"20.2917": [0, 0, 0],
						"20.375": [20, 0, 0],
						"95.75": [20, 0, 0],
						"96.0": [0, 0, 0]
					},
					"position": {
						"0.25": [0, 0, 0],
						"20.2917": [0, 0, 0],
						"20.375": [0, -1, -4],
						"95.75": [0, -1, -4],
						"96.0": [0, 0, 0]
					}
				},
				"leftArm": {
					"rotation": {
						"0.0": [0, 0, 0],
						"0.25": [-151.57316, 25.49671, -28.48347],
						"20.2917": [-151.57, 25.5, -28.48],
						"20.375": [-61.12243, 43.9971, -19.25975],
						"95.75": [-61.12, 44, -19.26],
						"96.0": [0, 0, 0]
					},
					"position": {
						"0.0": [0, 0, 0],
						"0.25": [0, 4, -3],
						"20.2917": [0, 4, -3],
						"20.375": [0, 0, 0]
					}
				},
				"rightArm": {
					"rotation": {
						"0.0": [0, 0, 0],
						"0.25": [-151.57316, -25.49671, 28.48347],
						"20.2917": [-151.57316, -25.49671, 28.48347],
						"20.375": [-61.12243, -43.9971, 19.25975],
						"95.75": [-61.12, -44, 19.26],
						"96.0": [0, 0, 0]
					},
					"position": {
						"0.0": [0, 0, 0],
						"0.25": [0, 4, -3],
						"20.2917": [0, 4, -3],
						"20.375": [0, 0, 0],
						"96.0": [0, 0, 0]
					}
				},
				"rightItem": {
					"rotation": {
						"0.0": [0, 0, 0],
						"0.25": [50.64949, -5.95232, 36.24211],
						"20.2917": [50.65, -5.95, 36.24],
						"20.375": [136.02509, 37.15276, 32.04446],
						"95.75": [136.02509, 37.15276, 32.04446],
						"96.0": [0, 0, 0]
					},
					"position": {
						"0.0": [0, 0, 0],
						"0.25": [0.86336, -1.69535, -1.84066],
						"20.2917": [0.86, -1.7, -1.84],
						"20.375": [-0.67624, -3.28539, -4.10418],
						"95.75": [-0.67624, -3.28539, -4.10418],
						"96.0": [0, 0, 0]
					}
				},
				"root": {
					"rotation": [0, "q.head_x_rotation(0)", 0]
				}
			}
		}
	}
}